Date,ID,WeightedAVG,Title,TitleNegative,TitleNeutral,TitlePositive,TitleCompound,Text,TextNegative,TextNeutral,TextPositive,TextCompound,Upvotes,Downvotes
2022-05-07 16:53:07,ukhew3,0.009250000000000091,if Crypto is Risky remember life is also risky.,0.34,0.66,0.0,-0.3818,"Take out $125k for College, people congratulate you.

Take out $50k for a new car, people congratulate you.

Invest aggressively in Crypto to try to build a better future for yourself, people tell you it‚Äôs too risky.

Let them celebrate debt.
We‚Äôll stay focused on wealth building.",0.107,0.586,0.306,0.9217,1,0
2022-05-07 11:46:12,ukblb2,0.7326,What do you find most amazing when it comes to blockchain tech?,0.0,0.729,0.271,0.624,"By the conclusion of the second half of 2022, there will be a stronger need for blockchain and crypto expertise. The increasing popularity of cryptocurrencies, the increasing popularity of blockchain across a wide range of enterprises, and the potential for development in the blockchain industry all contribute to increased demand for blockchain and crypto capabilities.  


It's incredible how rapidly the promise of blockchain for improving people's lives and building more resilient organizations is being fulfilled by huge corporations and governments, rather than just a small hyper-technical group of IT professionals.  


Companies seek blockchain experts to assist them in implementing blockchain technology to meet their objectives. After doing an additional study into the blockchain industry, I discovered a few amazing firms about which I wanted to learn more.  


What I've learned so far, Duet Protocol is one of these firms, they're a multi-chain asset platform that can be utilized to construct a blockchain asset. I'm excited to see how this project evolves in the future!  


What do you find most amazing when it comes to blockchain tech?",0.008,0.803,0.19,0.986,1,0
2022-05-07 09:20:57,uk9kup,-0.17059999999999997,This crash is just going to be a wipeout for shitcoins,0.231,0.769,0.0,-0.4019,"Hear me out

There are literally thousands of shitcoin and coins that pretend not be be shitcoins much of whom are large cap not to name (ada) these coins have no specific use and mosly identify as ""peer to peer cash"" or ""smart contracts platform""

These are the reasons for why some people think crypto is a scam as ther are hundreds of coins claiming the same utility (not saying it is necessarily a bad thing)

Then there are the high apy's for stablecoins. do you really think that banks could ever turn a  profit by providing its costomers 20% apy s when the profit they make is 4-6% this is juat not sustainable sure there are mechanisms put it place and actuall cash to make sure it doesn't implodes but it will eventually happen as they cannot just pump cash infinitely

Crypto is just like the dot com bubbles loads of scams and company's ending there names in dot com to boost their share price

There will be total wipe outs of some of the big names but there will be survives 

Just HODL as much as you can afford to lose and you could be rewarded big time",0.087,0.824,0.089,0.3691,5,0
2022-05-07 02:40:29,uk3po0,0.5832999999999999,"[Including Scan Result Link] Crypto/NFT Investment Portfolio Tracker Template for Excel | Cryptocurrencies, NFTs, and more | Live Data & Calculations",0.0,0.85,0.15,0.4588,"Hello,

This is a spreadsheet I made to easily keep track of my investments. I've decided to share it for free as a give back to the community.

&#x200B;

ùêÖùêûùêöùê≠ùêÆùê´ùêûùê¨

\-------------

[https://www.youtube.com/watch?v=gIlkqdGDb8s](https://www.youtube.com/watch?v=gIlkqdGDb8s)

&#x200B;

ùêáùê®ùê∞ ùê¢ùê≠ ùê∞ùê®ùê´ùê§ùê¨ (ùêÜùêÆùê¢ùêùùêû ùê¢ùêßùêúùê•ùêÆùêùùêûùêù)

\-------------------------------------------

1. Portfolio‚Äôs Currency is selected.
2. History is inputted either with a CSV file or manually (Transactions, Trades, Dividends).
3. Each investment‚Äôs information is specified (Asset Class, Region, Sector, etc.)
4. All data are then calculated automatically based on the above information.

&#x200B;

https://preview.redd.it/ha67lyhm1zx81.jpg?width=2700&format=pjpg&auto=webp&s=47b7ea9cdc370c2b1a6f3181eafaa5c26755ac27

https://preview.redd.it/j474s6im1zx81.jpg?width=2700&format=pjpg&auto=webp&s=5031f93f109d48f7d918002c593377536b11adce

https://preview.redd.it/kxkck1im1zx81.jpg?width=2700&format=pjpg&auto=webp&s=5fc2b5a22021151bd0a9e0a832ea8f310f860a26

https://preview.redd.it/qvlersim1zx81.jpg?width=2700&format=pjpg&auto=webp&s=4971e29c643ec05f531137e608e05b04297b205b

https://preview.redd.it/2a2rmkim1zx81.jpg?width=2700&format=pjpg&auto=webp&s=b7c832a536957d003c6841de8d7c56fe4a147d9b

ùüèùüï ùêìùêöùêõùê¨/ùêíùê°ùêûùêûùê≠ùê¨

\----------------------

(w/Automatic calculation unless stated otherwise)

‚ú¶ Dashboard

‚ú¶ Portfolio

‚ú¶ Desired Portfolio (Manual Input)

‚ú¶ Pies

‚ú¶ Allocation

‚ú¶ Tickers Info (Manual Input)

‚ú¶ Crypto and NFT Portfolios

‚ú¶ Transactions/Trades/Dividends History (Manual Input)

‚ú¶ Returns

‚ú¶ Dividends

‚ú¶ Calculators

‚ú¶ Valuation

‚ú¶ Screener

‚ú¶ Annual Reports

‚ú¶ Watchlist (Manual Input)

‚ú¶ Customization and Info

‚ú¶ Guide

&#x200B;

ùêÉùê®ùê∞ùêßùê•ùê®ùêöùêù ùêãùê¢ùêßùê§

\----------------------

[https://www.dropbox.com/t/Nzkbi4zzqzITB7M5](https://www.dropbox.com/t/Nzkbi4zzqzITB7M5)

&#x200B;

Scan Result:

[https://www.virustotal.com/gui/file/e4c553b69d87513d5795272eb76338adb7c4441fecaa67797951df3a766660f3](https://www.virustotal.com/gui/file/e4c553b69d87513d5795272eb76338adb7c4441fecaa67797951df3a766660f3)",0.0,0.922,0.078,0.8738,47,0
2022-05-06 18:28:33,ujtxf5,-0.012839999999999963,Descending channel pattern and weak futures data continue to constrain Ethereum price,0.209,0.791,0.0,-0.4404,"ETH derivatives metrics and technical analysis point toward further downside for Ethereum price.

Despite recovering from a 45-day bottom on April 30, Ether (ETH) remains trapped in a descending channel, and the altcoin's subsequent 9% gain over the last four days was just enough to push it beyond the pattern's $2,870 resistance. This might in turn have an effect of ethereum blockchain projects including play to earn game tokens like MANA and Sandbox and green efficient projects like Nature Vault and Cycled.

The Federal Reserve's monetary policy continues to have a significant impact on cryptocurrency values, and this week's volatility is most likely linked to FOMC statements. The Federal Reserve of the United States boosted its benchmark overnight interest rate by half a percentage point on May 4, the largest increase in 22 years. Despite being widely expected and unanimous, the monetary authority said that it would begin reducing its $9 trillion asset base in June. 

Chairman Jeremy Powell stated that the Federal Reserve is committed to restoring price stability, even if it means reducing company investment and consumer spending. Powell also downplayed the significance of the GDP contraction in the first three months of 2022.

DefiLlama data shows that the network's value locked in smart contracts (TVL) climbed by 7% in 30 days to 25.2 million Ether, despite the fact that Ether's price has corrected by 14% in a month. As a result, it's worth investigating if the price decrease below $3,000 had an impact on futures traders' sentiment.

Traders must examine the Ether futures contracts' premium, commonly known as the basis rate, to determine whether the market has turned bearish. These fixed-calendar futures, unlike perpetual contracts, do not have a funding rate, hence their price will differ significantly from conventional spot markets. 

The expense difference between futures and the ordinary spot market can be used to evaluate market sentiment.

Futures should trade at a 5% to 12% annualized premium in healthy markets to compensate for traders' deposits until the contract settles. Despite this, Ether's yearly premium has remained below this barrier since April 5, as shown above. 

Despite a little increase in the last 24 hours, the present 3.5 percent basis rate is considered bearish since it indicates a lack of demand for leverage purchasers.

Traders should also look into the options markets to rule out futures-specific externalities. The 25 percent delta skew, for example, compares similar call (buy) and put (sell) options. 

When fear is prominent, this metric will turn positive since the premium for protective put options is higher than for similar risk call options. When greed is prominent, the 25 percent delta skew indicator shifts to the negative area, indicating that the market is overvalued.

A neutral area is usually defined as a 25 percent skew indicator range between negative 8% and positive 8%. Since April 16, the statistic has been above such a barrier, and it is now at 14 percent. 

Option traders are paying greater premiums for downside protection, implying that sentiment has deteriorated in the last 30 days. The market is currently seeing an increasing pessimistic attitude. 

Of course, none of this information can foretell if Ether will continue to respect the declining channel, which is now resisting at $2,950. Nonetheless, given the present derivatives data, there is reason to anticipate that any eventual rise above $3,000 will be brief.",0.053,0.834,0.113,0.9848,42,0
2022-05-06 17:48:36,ujt2b8,-0.006259999999999932,Ethereum price prediction comes with a serious warning about its competitors,0.316,0.684,0.0,-0.4019,"The price of Ethereum, the second-largest crypto, has lost 43% since its all-time high of almost $5,000. In January 2022, a panel, that consists of 36 industries, predicted the price of Ethereum to be near $5,800 by the end of 2022.

Now, the panel has returned to a lower price prediction for Ethereum than it did in January, bringing down the target to just 10% above its current price.

This change in prediction was a result of emerging competition from rival blockchains communities like BNB, avalanche, Solana, polkadot, and Cardano.
Keegan Francis, Finder's cryptocurrency editor, said in a statement, ‚ÄúEthereum, currently, is losing its market share of DeFi to its competitors, although by a huge margin, it remains dominant‚Äù and according to Francis, he does not think Ethereum will remain the second-largest cryptocurrency forever.

Different altcoins are introduced to the crypto market almost every day, thereby leading to more competition in the market. Irrespective of the fact that some altcoins do not have any future potential, there are still some that look good.

There are some of the newly launched altcoins that look good and I've been following up on like Apecoin - up 9.0%, COIN - 6.59% with some Ethereum projects Bobcoin - up 10.57%, and Boji - 3.31% also looking good.

Francis also stated that he does not have long-term confidence in Ethereum until Ethereum upgrades its systems and accomplishes its promise to scale.

What do you think will be the fate of Ethereum?",0.038,0.866,0.096,0.9169,5,0
2022-05-06 15:37:30,ujq75g,0.10454000000000005,Why Warren Buffett Doesn't Like Crypto?,0.297,0.703,0.0,-0.2755,"At a Berkshire Hathaway shareholder meeting, Buffett said: that this asset ‚Äúdoes not produce anything,‚Äù so there is no point in investing in bitcoin: ‚ÄúIt's got a magic to it and people have attached magic to lots of things.‚Äù 

We can agree with this - the value of BTC is supported mainly by the interest of investors, but just like the currency that exists as long as people believe in it. In this situation, JPMorgan CEO Jamie Dimon rightly said: ‚ÄúNot all of it is bad. If you said to me ‚ÄòI want to send $200 to a friend in a foreign country,‚Äô that could take you two weeks and cost you $40. You could do it through a digital currency and it'll take you seconds.‚Äù

Perhaps Buffett is comparing bitcoin to a stock? Or maybe he does not like that bitcoin does not provide passive income? After all, real estate brings rent, shares bring dividends, and crypto coins can only be resold. What a huge misconception!

Bitcoin can bring regular payments. Coins can be used for lending, farming, and staking. However, this requires smart contracts, which are available, for example, on the Ethereum platform. In the Bitcoin network itself, indeed, only the simplest functions are available.

Here are the popular options to earn passive income on Bitcoin:

* Lending/Savings Accounts

It is an analog of a bank deposit - you give away assets to make them work and receive part of the income as a fee for using your funds. Lending is the most understandable tool, it can even use ‚Äúpure‚Äù bitcoin. Naturally, you receive income in the same currency. Such operations do not require complex contracts: the coins are simply taken from your account for the duration of the ‚Äúdeposit‚Äù, and then returned. It is very important to choose to whom you lend funds. The most reliable options are large exchanges and well-known platforms. For example, the Binance exchange offers 5-6% per annum and [Midas.Investments](https://midas.investments/) platform offers 15%. Be careful with higher rates!

* Staking 

Staking ""freezes"" some of your assets so that they work in the Proof of Stake protocol, where you passively receive new coins for owning the ones you already have. As a result, you earn income from the fees of other users. Staking is a popular tool, but for wBTC the choice is limited. For example, Celsius Network offers up to 4% income.

* Liquidity pools and yield farming 

Yield farming is when your assets are sent to the liquidity pool of a DeFi project. Pools provide operations with cryptocurrencies: they are filled with users' assets, and in return, they accrue income. To fill the pool, you need to deposit. When a platform's client wants to buy wBTC, your assets are taken from the pool. Instead, they add coins that the client paid with. For supporting the operations of the DeFi platform, you are credited with native tokens. They are traded in exchange and can be used for staking.",0.028,0.856,0.116,0.9913,13,0
2022-05-06 12:17:12,ujm5u6,0.5786899999999999,How To Know A Token Is Fundamentally Healthy,0.0,0.69,0.31,0.4019,"Although a token may be safe, how do you know it‚Äôs fundamentally healthy?
There are several key features that make a token ‚Äúfundamentally healthy‚Äù, but what does this even mean?


 When a token is fundamentally healthy it means it is not just safe, but that it has the potential to be something successful. While some tokens may be technically safe, this does not mean that they will survive even their first hour of trading. Here are factors that come into play-



Transparency ‚Äî If you‚Äôre in a tokens chat room and the developers are not being transparent about things such as the tokenomics, goals with the token, liquidity lock, etc, it‚Äôs one of the clearest red flags to take note of in a new token. The same can be said for the opposite, as transparent developers build trust with their community and investors, creating a more solid foundation for a token to build upon. Know you can trust a developer by watching their transactions live with CoinScan‚Äôs Dev Wallet Tracker



Holder Distribution ‚Äî 99% of tokens have ‚ÄúWhales‚Äù, typically early investors that own large percentages of supply. Whales aren‚Äôt inherently a bad thing, however if 30% of a tokens supply is owned by 10 wallets while the rest of supply is owned by thousands, often just the 10 wallets will be able to make a token crash. Good holder distribution is not imperative, yet it is a green flag in the world of DeFi as no one person has too much affect on the price, ultimately leveling the playing field.



Good Liquidity ‚Äî Optimal token liquidity is roughly 15%-20% of its market cap, this way buys and sells don‚Äôt have a massive price impact, therefore making the token less volatile while stillTokens with tiny liquidity (less than 10%) are extremely volatile as buys and sells have marginal price impact, essentially ‚ÄúLeverage‚Äù in terms of trading. While these tokens may appear to ‚ÄúPump‚Äù harder, they can Dump equally as hard and are dangerous to throw large amounts of money into.



Good Community ‚Äî More often than not, communities are the primary driving force behind most DeFi tokens! It‚Äôs always good to properly analyze and access the strength of a tokens community by joining their telegram, reading their twitter, or even participating in it yourself. If a community is not welcoming to new members, how will it grow?


Track ETH Tokens contract on https://www.coinscan.com/  Trade Defi the right way.",0.052,0.807,0.141,0.9912,10,0
2022-05-06 08:25:17,ujiqz9,-0.21605,Bored Apes creators intentionally jacked up fees on the Ethereum network,0.174,0.826,0.0,-0.2732,"**The skyrocketing of Ethereum fees was triggered more by the non-optimized smart contract than by the high demand for Otherside's virtual land project from Yuga Labs.**

According to[ Coin Metrics](https://coinmetrics.io/), Otherside's smart contract has not been optimized. As mentioned by Twitter user u/WillPapper, the developers got so lazy to remove ready-made templates from the code that they left everything as is, leading to an increase in costs and costing users an extra $70 million.

Even though Yuga Labs implemented buyer verification and limited the first wave of land generation to 2 NFT per address, the demand still exceeded supply. This means that not everyone who wanted land from Otherside could do so.

Such hardships eventually caused market participants to compete, setting higher and higher fees in order to overwhelm each other's deals and become the first in line to generate virtual land. As a result, the average transaction fee was over 2 ETH (\~$5600).

Following the auction, Yuga Labs apologized for disrupting the Ethereum network and offered an alternative. According to them, the ApeCoin ecosystem needs its own blockchain to *‚Äúbe scaled properly.‚Äù*",0.064,0.884,0.052,-0.0827,1,0
2022-05-06 06:57:30,ujhlns,0.55399,Why have Bored Ape NFTs become so popular?,0.179,0.512,0.309,0.3646,"I was always curious why is BAYC gaining so much popularity, they look cool but what's the deal with them?  Not so long ago the Bored Ape NFT was listed for .08 ETH, that was more precisely in April of 2021, and now they‚Äôre trading for thousands of dollars each. My question is WHY?   
 

Since the beginning of the NFT craze, I've seen so many fantastic NFT collections, so many beautiful artworks presented as NFTs, so many great communities and NFT projects like SK8coin, and so many great NFT games. I didn't pay as much attention to these popular ones, such as BAYC.    
 

Pls, tell me what you think about it, and what do you think what's the main reason for this collection becoming so popular, like worldwide?   
 

What occurred to me is that because so many celebrities were involved in this collection, we can see so many celebrities with apes as their profile pictures on social media. Another reason is that they might be used as metaverse characters.   
 

But, in any case, they had the perfect timing, and they created such a boom when celebrities began purchasing monkeys.   
 

What do you think will happen to BAYC next? With Ape currencies and their metaverse, they have been developing their ecosystem. The popularity of BAYC is expected to expand in the future years.",0.017,0.745,0.238,0.9959,2,0
2022-05-06 06:40:40,ujhdep,0.49102999999999997,Do you think it's possible that Ethereum gas fees might increase by 500% in the next two years?,0.0,0.881,0.119,0.3182,"What truly upset me was reading in an article that Ethereum gas fees might increase by 500% in the next two years. Do you consider that possible??  


The Ethereum chain is still one of the most powerful in the cryptocurrency business. This was the first chain to use smart contracts, and it remains the largest open-source platform for decentralized apps.  


The Ethereum chain, on the other hand, has struggled with limited scalability, decentralization, and a high gas charge.  


The most obvious example is the recent Bored Ape NFT sale, which increased the Ethereum gas charge to $3,300. Even a $25 transaction on the Ethereum network when Bored Ape NFTs were being offered would cost $3,300 in gas fees.  


I remember when I start using Ethereum I had no clue about all these issues, I was at first very disappointed lol until I start searching for these L2 solutions, now I use Metis which helped me a lot. What do you think is the best solution when it comes to these L2 platforms?  


Ethereum has several major rivals as a result of the fundamental difficulties that some users can no longer tolerate.   


How are you dealing with these issues? Have you considered quitting or have you found a solution?",0.092,0.773,0.135,0.8943,2,0
2022-05-05 18:39:44,uj446r,0.63342,Any news sources that are trustworthy that i should keep an eye on? And any I should stay away from?,0.0,0.811,0.189,0.6072,I'm just getting started with crypto. Is there any news sources that are trustworthy that i should keep an eye on? And any I should stay away from? There is so much info out there and much of it is contradicting. Has there been any news sources that have been consistently good?,0.041,0.834,0.125,0.6946,1,0
2022-05-05 17:24:12,uj2g0w,0.3710900000000001,"Do you have that feeling that people are just interested in crypto and blockchain as an investment, ignoring its numerous use cases?",0.104,0.734,0.162,0.128,"I've seen that as cryptocurrency prices are skyrocketing, most users are just interested in crypto as an investment, ignoring its numerous use cases. There are several obvious benefits for blockchain and cryptocurrencies, as well as how they may truly, drastically transform business processes.  


Have you ever thought more thoroughly of blockchain and its benefits?  


Just remember that so many companies started using blockchain these days. I've seen that Modex blockchain secured land registration, SMS frauds that telecommunication services are dealing with, health care records, and so on and on. Blockchain tech can be really helpful for so many things.  


Since blockchain data is public information and cannot be altered without recording the change, blockchain provides unprecedented security and traceability for transactions.  


Would you say that people will become more aware of all these benefits that blockchain brings and appreciate it more and not see blockchain and crypto only as a piggy bank?  


I found [this link](https://www.connectbit.com/blockchain-applications/) where you can read about all the things blockchain could be used for, I am aware that most people don't know so many things about it but I truly believe that this is the tech of the future.",0.02,0.861,0.12,0.9383,4,0
2022-05-05 15:28:23,uizyu1,0.5437500000000001,What do you think what will 2022 look like for the GameFi sector?,0.0,0.828,0.172,0.3612,"With the rise of NFTs, blockchain gaming has finally gained traction, introducing the play to earn concept which now has so many fans who support these types of games, that's why for a short time we have plenty of these games.                
 

Remember the first games that made a boom on the gaming scene?  Axie Infinity, Splinterlands, and Alien Worlds becoming increasingly popular, and this market sector changed drastically from its early days. What was your first reaction to these types of games and the whole concept of playing to earn?    
 

I was wondering since all these developed so fast, what will the future look like, what are your expectations? Is there something that you would like to change?   
 

Would you say that these games took NFTs to another level? I think that NFTs are most used in the gaming sector, somewhere I read about it, which is quite reasonable since all these games are NFT-powered.   
 

We have NFTs as gaming assets, which may be a gun or armor in a shooting game. I'm a fan of racing games, such as K4 rally, and NFTs might be, I don't know, a part of a vehicle or a car or something to modify your avatar in the game, weapon, magic, or whatever.   
 

This year, I expect that there will be an increase in the number of users, that people will begin to adopt this game concept more openly, and that there will be even more options for users to earn coins while enjoying a unique blockchain-powered gaming experience.",0.018,0.865,0.118,0.9697,7,0
2022-05-05 11:02:31,uiuye5,0.5729,Morpher (MPH) which is run on the ETH blockchain is launching a project that will let you support Ukraine by trading virtual copies of Russian stocks.,0.0,0.899,0.101,0.4019,"I work at Morpher Labs and we‚Äôve been putting virtual copies of stocks, and cryptos on the blockchain since 2018. Profits and losses are dependent on the price action of the market you are trading. On Morpher you can open positions on stocks, cryptos, indices, and commodities.   


Our protocol augments and overcomes the limitations of the underlying market. Morpher Protocol consists of a set of smart contracts and an oracle service. The smart contracts are responsible for processing trades, managing Virtual Futures, and setting MPH Token balances. Where the Oracle connects the Protocol to live market data.

Since we have a team composed of both Russians and Ukrainians, we decided to create this side project to both help Ukrainians and raise awareness of how Russians are suffering from sanctions.

Morpher Arena will use blockchain technology to let investors trade virtual copies of sanctioned Russian stocks. All profits generated by the platform will be donated to organizations supporting Ukrainian refugees.

Russian companies, shareholders, and oligarchs will not profit from the trading, because users won‚Äôt trade real Russian stocks, just virtual copies of them powered by the Morpher Protocol.   
At the same time, Morpher Arena will also allow Russian investors to bet against (short) Russian stocks, something they currently cannot do on the Moscow Stock Exchange.

Here is the link if you want to learn more about it: [www.traderussianstocks.com](http://www.traderussianstocks.com/) 

Please feel free to give us some feedback on the idea. We would love to know what you think.",0.03,0.843,0.127,0.9719,1,0
2022-05-04 20:16:10,uifis6,0.6281,"Ethereum price to reverse the trend... While a move to $3,500 is likely, a surge in buying pressure could extend the run-up to the $4,000 psychological level. I'll continue to stack, stake and HODL ETH to the richest!!! GLTA!!!",0.052,0.801,0.148,0.6209,"Ethereum price to reverse the trend 

Ethereum price is in a medium-term ascending channel created by connecting its two higher highs and three higher lows since January 28. 

The third retest of the lower trend line has shown a bullish reaction ‚Äì lead cryptocurrency  BTC is recovering and influencing the rest of the market. Regardless of the bullishness, ETH needs to flip the 100-day SMA at $2,914 followed by the 50-day SMA at $3,069 to continue rising. This development is key to triggering a move that tags the 200-day SMA at $3,443.

While a move to $3,500 is likely, a surge in buying pressure could extend the run-up to the $4,000 psychological level.

On the other hand, a daily candlestick close below the weekly support level at $2,541 will indicate a resurgence of selling pressure and invalidate the bullish thesis. This could trigger a further crash to the $2,000 psychological level.

By: Akash Girimath, FXStreet

&#x200B;

[We just got a huge surge in all risk-assets. ETH up +6.67&#37; today after the Fed announced a 50 basis point increase in the Federal Funds rate. I'm currently long-term 139.085+ ETH, 135 ETH staked and HODL to year 2028!!! GLTA!!! ](https://preview.redd.it/kfsgawx0oix81.jpg?width=1096&format=pjpg&auto=webp&s=2c3f5df09997cf19910e635f49665177b4d61c38)",0.055,0.869,0.076,0.6449,23,0
2022-05-04 19:25:20,uiee8q,0.46416999999999997,you're welcome,0.0,0.25,0.75,0.4588,I sold a solid chunk of my portfolio last night. You can thank me for this pump.,0.0,0.76,0.24,0.4767,1,0
2022-05-04 18:18:15,uicy05,0.52816,ETH/USD Forecast: Ethereum Gives Up Early Gains,0.0,0.714,0.286,0.34,"As we continue to hover around the $2800 level, the Ethereum market tried to rally but gave back early gains. The previous candlestick was a hammer, and the fact that we're attempting to construct a shooting star indicates that the market is bouncing around in this area and attempting to form a very short-term consolidation range.

We will eventually break out of this short-term range and select the next course of action, but I believe we will need to see an impulsive candlestick to tell us which way to move at this time. Ethereum has many utilities including as a fuel to NFT projects like Little Esther, Plastiks which is backed by recycling data, Hydrominer which is about hydroelectricity, Cycled, Decentraland e.t.c and so it is a bound to enjoy a rise sooner rather than later. If we move to the upside, the $3000 level would be the first objective, which also happens to be the 50-day EMA. The enormous, round, psychologically significant figure will draw some attention regardless, and then there's the 200-day EMA on top of that.

On the other hand, a break below the hammer for Monday's session opens the door to a move down to the $2750 level, and subsequently to the $2500 level. Because the $2500 level has already seen a lot of support, I believe it will only be a matter of time before purchasers try to support Ethereum in that approximate neighborhood. A break below $2500 might unleash a new wave of selling pressure, which would most likely follow Bitcoin and other crypto markets. 

I believe we will see a lot of choppy activity at the very least, so I would be cautious about my position size, but as the market begins to move in the direction of a larger rally or breakdown, we can begin to put more money to work. In the end, I believe that the Ethereum market will continue to suffer alongside Bitcoin, but I do believe that we will see some support. The question now is whether we'll be able to achieve it here or if we'll have to dig deeper to locate it.",0.026,0.885,0.089,0.9672,35,0
2022-05-04 16:59:02,uib6mx,0.7239,ETH is holding up pretty well actually (compared to last year)...,0.0,0.629,0.371,0.6486,"For those who remember last year, ETH plummeted to below $1900 from $4k, just because of some Elon tweets.

Now, we have Russia war (even threats of nuclear), Fed rate hikes, so much more FUD, but ETH is holding up at $2800.

ETH has proven itself really in 2022, patience is needed, but surely ETH will reach a new ATH in the near future!

Most importantly, the fundamentals of ETH are constantly improving, thanks to the tireless efforts of ETH developers!",0.069,0.757,0.174,0.8996,1,0
2022-05-04 13:07:45,ui66s2,0.34171999999999997,Stuff that may help when you are hunting altcoins/NFTs,0.0,0.748,0.252,0.4019,"At these cryptos/tokens the market cap isnt everything but the total liquidity in exchangers.



If there is a 1bln market cap coin doesn't mean its a safe buy, it can mean theorically that only 1 tx has been done and then the market cap is defined only by that, for this reason always focus on volume, liquidity and circulating supply.

And about nfts, think about it as a marketplace with low/russian roulette liquidity, buying NFTs is as risky as buying coins with low liquidity, meaning that you can easily buy, but not sell.


Wish you all luck out there in the DeFi world!",0.098,0.811,0.091,0.2013,4,0
2022-05-04 12:42:56,ui5p5r,0.60464,"Ethereum price prediction: $5,800 by the end of 2022 ‚Äî more than double its current level of $2,800. Stack, Stake and HODL ETH to the richest!!! GLTA!!!",0.0,0.846,0.154,0.6776,"Ethereum, the second-largest cryptocurrency after bitcoin, has seen its price swing wildly over the last year‚Äîhampered recently by a searing attack from Twitter cofounder Jack Dorsey.

The ethereum price has lost around 43% since its peak of almost $5,000 per ether set late last year. Meanwhile, smart contract rivals BNB BNB +1.4%, solana, cardano, avalanche and polkadot have seen similar volatility.

Now, a panel of 36 industry experts has returned an ethereum price prediction of almost $5,800 by the end of 2022‚Äîmore than double its current level of $2,800.

By Billy Bambrough, Forbes

&#x200B;

[To date, I've earned 3.9 ETH from staking!!! I'm projected to earn 3.2 more ETH by the end of this year, taking my total ETH earned to 7.1 ETH!!! Just keep on stacking via staking and HODL to the richest!!! GLTA!!!](https://preview.redd.it/31ikx6ilfgx81.jpg?width=1089&format=pjpg&auto=webp&s=24d4c4d9c4e1513e5c6708f6cdf69600d355a376)",0.038,0.911,0.051,0.4344,0,0
2022-05-04 11:44:50,ui4nl1,0.51623,"Did you know that over the next four years, the blockchain market is predicted to increase by 68.4 percent?",0.0,0.887,0.113,0.3182,"Over the next four years, the blockchain market is predicted to increase by 68.4 percent, with 86% of senior executives expecting blockchain will become a widely used technology.  


That is something I frequently think about, especially when I learn about some great ideas that function on a blockchain or are made possible by the blockchain.  


I was intrigued with how blockchain can secure our data, which has been a huge concern in recent years due to the prevalence of hacking.  


I was fascinated by Modex, which creates scalable products and services that employ blockchain technology to change the way data and digital assets are stored, exchanged, and managed, might be one of the solutions to this dilemma for huge organizations.  


However, blockchain technology continues to be a rapidly expanding area of growth for businesses in a variety of industries.  


Would you agree that blockchain technology has the potential to far outperform cryptocurrencies in terms of the total effect and that the true potential of blockchain is only now being realized?  


I am certain that the full potential of blockchain technology has yet to be realized.",0.009,0.827,0.164,0.9783,12,0
2022-05-04 10:57:48,ui3wl9,-0.024039999999999895,"What do you think is the next big thing? Just remember that ETH and BTC were unworthy at first, and look where they are today",0.111,0.889,0.0,-0.4588,"Bitcoin is now seen as digital gold by many speculators, but it may also be used as a digital form of payment. While Bitcoin may be thought of as digital gold, Ethereum is constructing a worldwide computing platform that will support many other cryptocurrencies as well as a vast ecosystem of decentralized apps.  


These two are among the finest investments anyone can make, but what about the next projects? Remember that ETH and BTC were unworthy at first, and look where they are today. So sometimes being patient really works out.   


I was completely stunned (in a positive way) to learn that I may use Unicoins to invest in corporations with great expansion potential and that the earnings earned by such investments will be distributed to all Unicoin holders on a regular basis as dividends. This initiative appears to be promising (no more pump and dump difficulties or scams!).  


We'd all like to discover a long-term investment and be delighted with the results, but the fact is that it's difficult to anticipate which of all these initiatives and currencies will be the best option. Especially now, when there are so many of these projects to choose from.  


Experienced traders have been speculating on cryptocurrencies, but what if you're new to the industry and want to get in on the ground floor? So I'm asking for your opinions, and I wish you the best of success in your search for the next thing that will erupt as BTC did.",0.055,0.769,0.176,0.9904,13,0
2022-05-04 10:15:59,ui3av2,-0.8179099999999999,"Do you believe that the statement ""The NFT market is collapsing"" was intended to cause panic, or that it was the result of poor judgment and harmless misinformation?",0.304,0.641,0.056,-0.836,"Would you say that ‚Äòthe NFT market is collapsing‚Äô cause the data says otherwise and I would say that people started panicking without any valid reason?  


That doesn't seem reasonable, given that the top five collections alone accounted for more than $1 billion in primary and secondary sales in the same week they said the market was collapsing, don't you think?  


I found out that in that article they stated that data from the NFT market analysis platform Nonfungible suggests the number of NFT sales has fallen by 92% since an all-time high in September 2021. Wallets active in the Ethereum NFT market were also said to have declined by 88% since a high in November 2021. I was like whaaaat???   


Why would anyone say something like that?   


What about the Moonbirds collection, what about all these upcoming collections and NFT projects? I followed all this news about them and I personally looking forward to some of them, Sk8coin for example, and maybe a few more.  


Do you think that this attempt to create a panic is intentional or just someone's bad judgment and harmless misinformation?",0.099,0.826,0.075,-0.7757,9,0
2022-05-04 09:48:00,ui2x04,0.72603,"Do you feel secure with some of this blockchain protection that keeps your data, files, and privacy safe?",0.0,0.751,0.249,0.6486,"Since I've seen how these data protection platforms become popular and people are feeling safe with them, I decided to start some digging for more information on this topic.   


Do you use some of this blockchain protection to keep your data, files, and privacy safe?  


Every internet user should be able to select not just how their data and digital identity are utilized, but also which data they choose to keep private or public, and under what terms.  


With the rise of technology has come the rise of projects and platforms that offer data protection. For example, having Zenotta's blockchain that re-imagines digital ownership and grounds it in a legal framework is cool, it was about time that we had platforms like this that provide us with saving our data (whether it's a photo, video, or anything else).  


I think that's really great to know that we can now have all of that on a blockchain because, as data manipulation and theft become more common, these data sovereignty initiatives are becoming increasingly important for all of us who use the internet.  


How do you cope with these issues, and does this concern you?   


Unfortunately, I had a chance to experience some of these issues, and I don't think I'd want to go through them again, they were very unpleasant.",0.05,0.838,0.111,0.9067,10,0
2022-05-04 07:52:04,ui1fie,0.02565000000000006,"Do you believe Ethereum's scalability concerns have opened the way for ""ETH killers"" to seize the opportunity?",0.195,0.679,0.127,-0.3612,"The problem is that even though how much Ethereum is powerful and powerful, all these coins that people call ""Ethereum killers"" are made to resolve all these Ethereum issues.   


We're often dealing with the low scalability, network congestion, high gas fees, and environmental concerns which are some of the major issues. Some of these issues I control with Metis and before Metis other similar L2 solutions as I believe you all do as well.   


Ofc that the technology behind the Ethereum blockchain is the primary reason for its meteoric rise, but as we are all aware there are these issues that must be solved. I really hope that transition PoS is going to be soon launched.  


What do you think about ""Ethereum killers""?   


They are very certainly attempting to dethrone Ethereum by fixing its blockchain flaws like as low scalability, expensive fees, low tps, and environmental concerns. They propose to do so by adopting the proof-of-scale consensus technique. Among the most well-known are Cardano, Solana, Polkadot, and Tezos.  


Do you think they have any chance? And what do you think will happen with them as soon as the Ethereum merge happens?",0.054,0.818,0.128,0.9283,8,0
2022-05-03 23:48:46,uhtfdl,0.7684899999999999,OC Comedy Post Contest Winners,0.0,0.349,0.651,0.6808,"In the first place the winner is the user u/XpensiveLove

Post: https://www.reddit.com/r/ethtrader/comments/udr1qk/insert_titleor_ethereum/?utm_source=share&utm_medium=web2x&context=3

Prize: 1000 donuts


In second place we have a tie between the users u/ReitHodlr and u/JETTTZOR

Posts: https://www.reddit.com/r/ethtrader/comments/uh5tf6/congrats_boys_and_girls_i_think_we_can_only_go_up/?utm_medium=android_app&utm_source=share

https://www.reddit.com/r/ethtrader/comments/ud860h/im_holding_until_im_dead/?utm_source=share&utm_medium=web2x&context=3

Prize: 400 donuts


And in third place the winner is the user u/Silverni

Post: https://www.reddit.com/r/ethtrader/comments/udgolb/cheers_to_my_fellow_eth_degens/?utm_source=share&utm_medium=web2x&context=3

Prize: 100 donuts

Congratulations to the winners...

Keep participating in the weekly contest.",0.0,0.699,0.301,0.9731,3,0
2022-05-03 19:01:30,uhn8um,-0.11084000000000005,ETH has been teetering in and out of oversold territory for a month straight,0.0,0.863,0.137,0.2263,"The fear and greed index is getting less and less fearful over the course of a month and a half. 

Are these indicators to buy? 
When do you guys foresee the bottom coming in. Or are we there yet? 

Are these metrics useless?",0.243,0.757,0.0,-0.8975,3,0
2022-05-03 14:53:43,uhhvi5,0.80571,[Governance Poll] Switch Liquidity Incentive Bonuses for Honeyswap and Uniswap,0.0,0.567,0.433,0.7269,"The Goal of this Governance post is to swap the bonus incentives awarded to those who provide liquidity for the Donut-Dai pair and Donut-ETH pair on Honeyswap and Uniswap respectively.

As all new donuts will be distributed via the Gnosis(xdai) chain more and more liquidity will be getting added to the honeyswap pool thinning out the overall bonus for those providing liquidity on the chain that is already lower than the Uniswap bonus. Currently Uniswap LP providers who stake their donuts get 400k bonus donuts while honeyswap LP providers only get 200k bonus donuts. I would like to see these numbers swapped so honeyswap providers get 400k and uniswap providers get 200k. This would further incentivize people to use their newly acquired donuts to provide LP as all tokens are now distributed on gnosis and learn more about how defi works in the process.

**Poll: The poll can be found on Snapshot** [**https://snapshot.org/#/ethtraderdao.eth/proposal/0x6d8f183b5d6a70febe23058183524c35facaedc77543ba3a8bb985f13289f224**](https://snapshot.org/#/ethtraderdao.eth/proposal/0x6d8f183b5d6a70febe23058183524c35facaedc77543ba3a8bb985f13289f224)

 Should we swap the monthly Liquidity providing bonuses for Uniswap(400k) and Honeyswap(200k) donut LP providing

1.\[Yes\] Swap the Uniswap and Honeyswap LP providing bonus incentives

2. \[No\] Remain as is for LP bonus incentives

3. \[Abstain\] You are indifferent

**Poll proposal discussion** [https://www.reddit.com/r/ethtrader/comments/ufe0nn/poll\_proposal\_switch\_liquidity\_incentive\_bonuses/](https://www.reddit.com/r/ethtrader/comments/ufe0nn/poll_proposal_switch_liquidity_incentive_bonuses/)

For Transparency purposes I currently own 0.195% of the dai-Donut liquidity pool.

 **This governance poll will remain up for a minimum of 5 days per¬†\[governance guidelines\](**[**https://www.reddit.com/r/ethtrader/wiki/governance**](https://www.reddit.com/r/ethtrader/wiki/governance)**). All votes should be cast on \[our snapshot.org site\](**[**https://snapshot.org/#/ethtraderdao.eth**](https://snapshot.org/#/ethtraderdao.eth)**) to be included** ",0.015,0.822,0.163,0.9896,22,0
2022-05-03 10:30:13,uhd35z,-0.004899999999999904,What would you say is the most difficult part when it comes to deciding what should you invest in next?,0.128,0.872,0.0,-0.4201,"I find myself sometimes pretty confused about what next should I invest in, so I've been curious to find out how you decide what's the best thing for you to invest in.  


Have you ever found yourself asking, ""Should I be investing in Ethereum?"" or ""Should I invest in meme coins?"" Or perhaps you've already invested in some and aren't sure what to do next? It occurred to me a few times, and these queries simply lead to further thought and confusion.  


The worst part is that we have is the fact that the crypto industry is constantly changing. Traders‚Äô interests change, infrastructure changes, and a coin can be immensely popular one day and disappear the next.  


I'm currently interested so much in Unicoins which would be invested in companies with great expansion potential and the best of these companies may be featured on our Unicorn Hunters show. If you watch it then you'll know how cool that show is. I'm keeping an eye on these coins and I hope that I'll soon decide what should I do, but I must admit that I'm pretty interested so far.  


You all know that there are numerous options available and that might be challenging at times. Especially when numerous altcoins are aiming to achieve the same thing or have ideas so large that they will take decades to fully comprehend.  


How long does it take for you to decide in which crypto to invest, do you observe it for some time first or you're willing to take a risk without any previous research?",0.041,0.838,0.121,0.9639,11,0
2022-05-03 08:13:19,uhb9vc,0.4379200000000001,"Do you believe GameFi is introducing us to a new form of playing games, and that conventional video games will be phased out soon?",0.0,0.924,0.076,0.2023,"I've asked myself this a couple of times since there's a lot of buzz about GameFi and new methods of playing video games, people become fascinated with them, and I've seen kids using these VR headsets for playing games more and more, it's so different from playing games when I was a kid.  


Even some major video game developers and publishers are entering the NFT industry with NFT games or reintroducing games that we have been playing for decades as NFT games.  


I understand that everything evolves and changes with time, which is OK, but does this imply that we will soon lose the video games we have enjoyed for so long?  


What do you think about that, are you okay with having only NFT-powered/p2e games?  


I didn't say I didn't like these games, cause K4 Rally is my favorite, and the gameplay, rewards, tournaments, everything about it is fantastic and I truly like it, but that doesn't mean I'd like Dota 2, which I've been playing since I was a kid, to become an NFT-powered game, no way! So I understand why players are opposed to this notion, they are undoubtedly concerned that it would transform gaming from its roots.  


Do you think that's possible? Would you be okay with it?",0.027,0.777,0.196,0.9877,11,0
2022-05-02 20:28:35,ugyvmc,0.64293,"Banking Giant Standard Chartered Sees Ethereum Reaching $35,000. Do you agree or is it too much of a stretch?",0.0,0.788,0.212,0.5106,"According to Business Insider, Geoffrey Kendrick, head of crypto research at British banking behemoth Standard Chartered, believes that the price of Ethereum can still achieve $35,000 in the long run.
According to Kendrick, the forthcoming switch to proof-of-stake will undoubtedly benefit Ether's price. According to U.Today, following a series of delays, the much-anticipated network upgrade is set to take place later this year.

To capitalize on increased institutional demand for cryptocurrencies, one of Standard Chartered's businesses revealed plans to open a cryptocurrency brokerage in July.
Bill Winters, the CEO of Standard Chartered, stated in October that bitcoin was here to stay. Because central banks are experimenting with their monetary policy, he said it was ""absolutely reasonable"" for consumers to invest in non-fiat cryptocurrencies.

In my opinion I think it is possible for the crypto
giant to hit $35,000 in the long run.  Cryptocurrencies are gradually breaking into mainstream as we have seen it gradually breaking into government and banking institutions and with an increasing number of countries adopting it.
Cryptocurrencies and the blockchain community are steadily breaking grounds with new innovative projects such as Decentraland  an online world that allows users to create their own avatars and purchase plots of virtual land, Faith tribe which is a platform for creating trading, distribution, and monetization of designs of fashion, Luckyblock which  is a digital asset project that decentralizies the lottery process via blockchain technology feasible. With continuous innovation like this the government and institutions wouldn't be able to ignore cryptocurrencies utility.
 In the coming years I think they will cryptocurrencies would be part of the banking and governing infrastructure. When this eventually does occur $35,000 for Ether won't be a stretch.",0.014,0.903,0.083,0.9517,68,0
2022-05-02 17:14:21,ugukhv,0.09413000000000002,When do you think the next bull run will be? Serious question,0.106,0.894,0.0,-0.0772,Just to share opinions... We know that nobody can guarantee anything in the market,0.0,0.741,0.259,0.4939,0,0
2022-05-02 16:12:29,ugt5s2,0.43642000000000003,Please help me,0.0,0.167,0.833,0.6124,I am a stupid f***ing idiot.I accidentally sent eth from a rosten network to an erc-20 network on binance. Is ther any way that i recover it please please please tell me and thankyou,0.154,0.663,0.183,0.0258,0,0
2022-05-02 09:52:10,ugm2cr,0.33183,I was wondering if you could play these NFT-powered games if you have no knowledge of cryptocurrencies or investment,0.107,0.777,0.117,0.0516,"Would you say that these NFT-powered games or GameFi is made up of a young audience of gamers aged 19 to 30 years old? I've heard this in some interviews this statement and I couldn't agree with that cause in these games we have the popular GameFi tokens, which are exchanged for billions of dollars every day, are of interest not just to young people, but also to expert cryptocurrency traders.  


Ofc that I was so happy discovering all these types of games, from racing games like K4 Rally to card games such as Splinterlands first of all because of the gameplay, but truth to be told the idea of ‚Äã‚Äãmaking money playing games is understandably popular for game developers and players alike.  


Do you believe that these kinds of games may be a useful investment tool for everyone?  


Because we have multiple groups of individuals playing it, for starters, young gamers frequently earn and spend money while playing, assuring token circulation and demand. When it comes to market specialists, earn money by speculating on exchange rates, whereas investors invest in debt.  


I was wondering what if you don't have any experience with cryptocurrency or investing, can you be able to play these games? Maybe people without any experience can find it difficult to play these games, what do you think?",0.039,0.795,0.166,0.9857,12,0
2022-05-02 09:07:48,uglhgy,0.60865,"I recall how we didn't have as many tools and platforms to help us with some of the challenges we were dealing with, now is a whole different story",0.0,0.862,0.138,0.4588,"What prompted you to begin investing in cryptocurrencies, and when did you begin? I'm curious because, as we went to cryptocurrency adoption, everything started popping up out of nowhere: crypto, metaverse, NFT, and in started to pop out in our everyday conversations, on the TV, media, etc.  


Did someone have an impact on your decision to start working with cryptocurrencies?   


Do you remember when ETH was not worth much a few years ago? I must admit that I didn't expect anything exceptional to happen, and I was surprised how all happened suddenly. I'm glad that day a few years ago I began researching cryptocurrencies more thoroughly.  


I remember how we didn't have so many tools and platforms that will help us with some issues we were dealing with, today is totally different story.  


I'm looking these days for a platform that will enable me to reduce prices, and fees, speed up transactions, and, of course, ensure that everything is in place.   


I've heard a few suggestions and seen on Reddit that some people suggest using a platform called Metis for this purpose. Do you have any prior experience with It?  


Most of us here work with cryptocurrencies and devote significant attention to them. I'd want to find a high-quality platform that would improve and simplify a variety of tasks. Do you have any recommendations?",0.007,0.888,0.105,0.9583,9,0
2022-05-01 20:58:49,ug991t,0.26413000000000003,I think I messed up. Sent staked tokens directly to Kucoin without going through TrustWallet. Any help would be appreciated:),0.114,0.758,0.128,0.0772,I sent my Stakewise sETH2 from its site to Kucoin without sending them to TrustWallet first. Been over a day and transactions are successful on etherscan. Should I move on from this or any chance I can retrieve funds?,0.0,0.851,0.149,0.7003,2,0
2022-05-01 19:40:42,ug7m09,0.48617,"Ethereum fees increased by 86% in the first quarter of 2022, with $2.1 billion in ETH burned.",0.0,0.884,0.116,0.2732,"According to on-chain measurements, the world's largest smart contract network, Ethereum (ETH), (the fuel to so many blockchain projects like Nature Vault that accelerates greener investment with blockchain technology, Cycled which is another greener society based blockchain project and Hydrominer which is about the eco friendly nature of hydro electricity); is experiencing an unprecedented surge in activity. Experts on the Bankless podcast revealed some impressive statistics. 

Bankless, one of the most analytical podcasts on blockchain, crypto, and Web3, provided some statistics from its State of Ethereum Q1 2022 report. Almost every metric went up by orders of magnitude.

To begin, aggregated network hashrate and staked Ethereum (ETH) amount both increased 111 percent as compared to Q1 2021. Fees raised by Ethereum (ETH) network participants were $2.48 billion, up from $1.7 billion a year ago.

Because of the deployment of EIP-1559, the Ethereum (ETH) network destroyed $2.17 billion in equivalent, resulting in a 54 percent decline in the inflation rate. 

The most impressive data, however, comes from the non-fungible tokens (NFTs) group. Net trade volume increased by more than 19,200 percent, from $0.6 billion to $116 billion. The floor price of CryptoPunks has more than sixfold increased.

A number of records were also printed as a result of trading on decentralized exchanges. The net volume of perpetual contracts on Ethereum-based DEXes increased by more than 2,700%, while spot trading volume increased by 667%. 

The total amount of assets locked (TVL) across Ethereum-based Layer 2 solutions, such as Arbitrum and Optimism, has climbed by 964 percent. 

Top segment heavyweights finished the first quarter of 2022 with seven-digit revenue: Arbitrum made $9.4 million, while Optimism earned $5.7 million.",0.011,0.857,0.132,0.9831,105,0
2022-05-01 19:39:17,ug7kxb,0.6837599999999999,Regulation Focused References Links to Cryptocurrency Topics in the United States,0.0,0.625,0.375,0.6597," 

This link directs you to **Central Bank Digital Currency Study Act of 2021**

[https://www.congress.gov/bill/117th-congress/house-bill/2211/text?g=%7B](https://www.congress.gov/bill/117th-congress/house-bill/2211/text?g=%7B)

This link directs you to the ‚ÄòKeep your Coins‚Äô bill

[https://www.congress.gov/bill/117th-congress/house-bill/6727/text?q=%7B%22search%22%3A%5B%22H.R.+6727%22%2C%22H.R.%22%2C%226727%22%5D%7D&r=2&s=1](https://www.congress.gov/bill/117th-congress/house-bill/6727/text?q=%7B%22search%22%3A%5B%22H.R.+6727%22%2C%22H.R.%22%2C%226727%22%5D%7D&r=2&s=1)

This link directs you to the court notes from the Ripple v SEC case

[https://www.courtlistener.com/docket/19857399/securities-and-exchange-commission-v-ripple-labs-inc/?filed\_after=&filed\_before=&entry\_gte=&entry\_lte=&order\_by=desc](https://www.courtlistener.com/docket/19857399/securities-and-exchange-commission-v-ripple-labs-inc/?filed_after=&filed_before=&entry_gte=&entry_lte=&order_by=desc)

These next links are to some of the Cryptocurrency Lobby Groups and associations

Lobby3 

[https://www.lobby3.io/](https://www.lobby3.io/)

Coin Center

[https://www.coincenter.org/](https://www.coincenter.org/)

Blockchain Association

[https://theblockchainassociation.org/news/](https://theblockchainassociation.org/news/)

Crypto Council for Innovation

[https://www.cryptoforinnovation.org/](https://www.cryptoforinnovation.org/)

The Bitcoin Pac

[https://www.thebitcoinpac.org/](https://www.thebitcoinpac.org/)

Global DCA

[https://global-dca.org/news/](https://global-dca.org/news/)

Protect Our Future 

[https://www.protectourfuture.us/](https://www.protectourfuture.us/)",0.0,0.91,0.09,0.7399,1,0
2022-05-01 19:38:20,ug7k76,0.50909,"Analysts are optimistic about Ethereum, which has 12 million ETH staked on the consensus layer.",0.0,0.859,0.141,0.3182,"12 million ETH tokens have now been staked on the consensus layer, marking a significant achievement for the altcoin. 

Proponents feel that a big amount of Ethereum staked is a bullish indicator that might fuel an altcoin boom. 

As the altcoin gained popularity among users, Ethereum's revenue surged 46 percent in Q1 2022.

Ethereum price volatility has increased uncertainty among investors. However, analysts are bullish on Ethereum and predict a rally in the altcoin. 

The Ethereum consensus layer has now been staked with 12 million ETH tokens. A boost in Ethereum's staked supply reduces its circulating supply. A decrease in circulating supply is positive for the altcoin's price. 

After experiencing price fluctuation, Ethereum, one of the most valuable crypto and the fuel to so many blockchain projects which include Crayon Dao whose subsidiaries, Heritage Dao and High Sloth Society give investors opportunities to buy ancient artefacts, Ancient Artefacts NFT and Bequest NFT; is on course to recoup its losses. According to Glassnode data, the exchange netflow volume is 6,244 ETH. This indicates that investors have a bullish leaning.

Proponents say investors are positive about Ethereum as a result of the long-awaited merger. The consensus layer deposit contract recently topped 12 million ETH tokens in circulation, accounting for more over 10% of the total ETH supply in circulation. 

$34 billion in ETH has been extracted from Ethereum's circulating supply, with over 376,000 validators contributing to the same in transactions worth 32 ETH or more. Analysts predict the price of Ethereum will above the 55-day simple moving average (SMA), a critical level for confirming a bullish bias. 

Analysts have highlighted $3,018.55 as a significant resistance level for bulls attempting to recover. Analysts have set a downside target of $2,695.79 if the price of Ethereum falls below $2,800.",0.035,0.87,0.095,0.9545,4,0
2022-05-01 19:00:20,ug6rth,0.33087000000000005,Smart money is accumulating Ethereum even as traders warn of a drop to $2.4K,0.216,0.617,0.167,0.0516,"Short-term analysis sets a $2,400 price target for ETH, but data shows smart money continues to accumulate in anticipation of the Merge.

The upcoming Ethereum merge is one of the most widely discussed topics in the crypto sector, one including Bitcoin, Ripple, Doge, Champs e.t.c and analysts have a wide range of perspectives on how the transition to proof of stake could impact Ether's price. 

A deeper dive into the ongoing accumulation of Ether by whale wallets was provided by cryptocurrency intelligence firm Jarvis Labs, which posted the following chart looking at the percentage change in whale wallet holdings versus ET price. 

The color of the dots corresponds to the price of Ether, and the chart shows that whale wallets began to reduce their holdings when the price was above $4,000, and they did not begin to reaccumulate until the price dropped below $2,300.

According to Jarvis Labs, 

""Whales are still accumulating Ether, and their accumulation is still on a sideways-to-uptrend."" 
And it's not only whales eager to scoop up Ether on the cheap, as illustrated in the graphic below, where red dots indicate a rise in accumulation in both whale wallets and lesser wallets.

Jarvis Labs analysts stated, 

""Based solely on the distributions of Ether wallets, it can be deduced that Whales UP + Fishes UP"" (Both whales and Fishes seem to be accumulating). ""How about combining narratives?"" 
Is a decoupling of Ethereum on the horizon? 

Delphi Digital analysts wondered if the price of Ethereum could decouple from BTC before or after the merger. According to the analysts, the altcoin is ""expected to witness additional consolidation for ETH/BTC in the short future.""

One of the key concerns raised by this chart is what it will take for Ether to break free from ""the invisible link"" that has held it tethered to Bitcoin for so long. 

According to Delphi Digital, the current optimistic ""ultrasound money"" and ""Merge"" narratives around Ether could be just what Ether needs to break free from its price correlation to Bitcoin. 

According to Delphi Digital, 

""Interest in ""post-Merge"" Ether will only grow from here, especially as more individuals recognize the possibility to earn higher real rates in a deflationary asset.""",0.007,0.911,0.082,0.9825,49,0
2022-05-01 14:45:16,ug1duw,-0.6902999999999999,"ETH vs Solana ""ETH Killer"" 4/30/22",0.462,0.538,0.0,-0.6486,"Solana gets bot spammed for NFT minting and gets shut down again and has to be restarted again. 

ETH gas goes up temporarily for NFT minting and chugs along and returns to normal shortly after.

But hey Solana is the ""ETH Killer"" and is cheap and fast.",0.115,0.885,0.0,-0.7876,30,0
2022-05-01 08:50:33,ufvrgq,0.05456000000000001,Oobit Pay payment app - the team takes a look at how it came to be and why they do crypto,0.072,0.928,0.0,-0.1027,"The following blog and video introduces Oobit Pay, a mobile payment system that provides a seamless, instant and free means of transferring money. Oobit Pay allows to send crypto payments faster while needing only the recipient‚Äôs mobile number: [Oobit: Why We Do Crypto](https://www.oobit.com/blog/oobit_why_we_do_crypto/)",0.063,0.833,0.104,0.4215,0,0
2022-05-01 07:55:02,ufuzo5,0.44366,Need help asap,0.0,0.426,0.574,0.4019,"I wanted to transfer ETH to my friend, so i did it typed all the stuff in the binance app. After that I have waited for few hours and asked my friend, but he didn‚Äòt get it. so I looked up for transaction hash on blockchainexplorer and it says Oops! We couldn‚Äôt find what you are looking for.",0.0,0.92,0.08,0.5411,2,0
2022-05-01 05:52:51,uft8w7,0.2874300000000001,"Standard Chartered predicts that Ethereum will reach $35,000 by the end of the year.",0.0,0.922,0.078,0.0258,"According to Business Insider, Geoffrey Kendrick, head of crypto research at British banking behemoth Standard Chartered, the price of Ethereum is still capable of hitting a sky-high aim of $35,000 in the long term. 

Last September, the leading British investment bank declared the overly optimistic aim for the first time. The bitcoin market was gearing up to begin another huge climb following a minor dip at the time. 

Kendrick predicted Bitcoin, Ethereum, Crayon and so many other cryptos and said that Bitcoin would reach a top of roughly $100,000 in early 2022 in September. While Bitcoin did reach a new all-time high of $69,000 in November, it subsequently began a bearish cycle prompted by macroeconomic variables. At the time of writing, the largest cryptocurrency is trading just below the $39,000 mark, underperforming together with US Stocks.

Despite the selloff, institutional money is still flowing into crypto, according to Standard Chartered's chief crypto researcher. 

According to Kendrick, the forthcoming switch to proof-of-stake will undoubtedly enhance the price of Ether. According to U.Today, the much-anticipated network upgrade of Ethereum is set to take place later this year, following a series of delays. 

The analyst also singled out Avalanche and Polkadot as the biggest Ethereum rivals, passing over Solana. 

In July, one of Standard Chartered's businesses revealed plans to launch a cryptocurrency brokerage to capitalize on surging institutional demand for cryptocurrencies.

In October, Standard Chartered CEO Bill Winters said that crypto was here to stay. He said that it was ""perfectly reasonable"" for people to invest in non-fiat cryptocurrencies due to central banks experimenting with their monetary policy.",0.006,0.937,0.058,0.8979,46,0
2022-05-01 03:27:09,ufqzzh,-0.23980999999999997,Is DCA bad advice?,0.538,0.462,0.0,-0.5423,"Is DCA a bad idea?

Interested in folks thoughts‚Ä¶.

If we accept we can‚Äôt time the market and on balance it is better to just be in the market for the long term then is DCA bad advice? 

Does it make even less sense when inflation is just eating away at your dollars that you have sidelined to DCA?

Seems to me you just decide how much you want to invest and then choose a point where you say you are all in. On average, you are likely to buy higher with DCA as the long-term trend is up‚Ä¶. 

Is DCA simply a way to cater for loss aversion. We are happy to buy higher  than we are to see price go down after we bought.

Just a poorly formed thought and am keen to hear why I am incorrect.",0.08,0.815,0.106,0.466,6,0
2022-04-30 20:45:42,ufjo9w,0.75945,"I am amazed how blockchain technology has the ability to modify many aspects of business, government, and even our personal life",0.0,0.766,0.234,0.6705,"Not only banking and healthcare, but blockchain technology has the ability to modify many aspects of business, government, and even our personal life.

Selecting the right blockchain is important here, I've seen that many businesses are now depending on Modex Blockchain Database. According to what I've heard, they've been in business since 2017, which makes them trustworthy, and individuals have had positive experiences with them.

Blockchains are not all the same. If the consensus mechanism is not entirely decentralized, or if full nodes have the power to reverse or censor transactions, the same concerns as in traditional systems will arise.

In my opinion, standards must also be defined because there are now numerous distinct blockchain protocols competing with one another.

Do you have any firsthand experience with these systems that can help protect our data using blockchain that you can share with us?",0.024,0.825,0.151,0.967,19,0
2022-04-30 20:14:05,ufj2ly,0.79843,Who knows how many of these new coins and cryptocurrencies that appear on a daily basis will gain popularity,0.0,0.711,0.289,0.7579,"Did you know that according to Deutsche Bank, digital currencies will have over 200 million users by 2030? What are your thoughts about that?  


I don't think it's a surprise, given that there are more and more crypto holders every day, and, believe it or not, additional cryptocurrencies are being released every month.  


According to Deutsche Bank, the number of cryptocurrency users will more than double in the next ten years, reaching 200 million. This rate of growth is nearly identical to that of the Internet in its first 20 years.  


I had no clue hundreds of new cryptocurrencies, whether altcoins or tokens, were produced every month!   


I just googled new cryptocurrencies this month, and there are a lot of them.  I was shocked to learn about Unicoin this month since I had heard that they should be invested in hundreds of emerging growth firms with significant development potential, and that is how the holders' profit.  


Who knows how many of these new coins and cryptocurrencies that appear on a daily basis will gain popularity. Isn't it true that time will tell?",0.045,0.848,0.106,0.893,20,0
2022-04-30 18:52:09,ufhgon,0.4047200000000001,3 letter ens? An exercise in trust. I found 1 -is taken but contract expires tomorrow afternoon (5/1/22),0.0,0.867,0.133,0.2846,"I was browsing ens for some of those elusive 3 letter .Eth addresses. There are still some available, but most are random assortments of characters. I did, however, find one of the last English language words (3letter) addresses. As I said it is taken, but the contract expires tomorrow. 

If I had 1000$ laying around, I would mint it myself. That is not the case. 

I could ask for the money to buy it, with a promise to repay. But that‚Äôs too time consuming. 

So, if you want to grab that, dm me. I‚Äôll tell you when and where. If you do mint it,I want a smoll finders feee",0.0,0.936,0.064,0.685,1,0
2022-04-30 15:59:49,ufe0nn,0.79893,[Poll Proposal] Switch Liquidity incentive bonuses for Honeyswap and Uniswap,0.0,0.567,0.433,0.7269,"As all new donuts will be distributed via the Gnosis(xdai) more and more liquidity will be getting added to the honeyswap pool thinning out the overall bonus for those providing liquidity on the chain that is already lower than the Uniswap bonus. Currently Uniswap LP providers who stake their donuts get 400k while honey swap LP providers only get 200k. I would like to see these numbers swapped so honey swap providers get 400k and uniswap providers get 200k. This would further incentivize people to use their newly acquired donuts to provide LP as all tokens are now distributed on gnosis and learn more about how defi works in the process.

Poll:

Should we swap the monthly Liquidity providing bonuses for Uniswap(400k) and Honeyswap(200k) donut LP providing

1.\[Yes\] Swap the Uniswap and Honeyswap LP providing bonus incentives

2. \[No\] Remain as is for LP bonus incentives

3. \[Abstain\] You are indifferent

‚ÄúThis proposal will be stickied for a minimum of 2 days and requires at least 2 mods to sign-off on the formatting before proceeding to a snapshot vote per the governance rules and guidelines [https://www.reddit.com/r/ethtrader/wiki/governance](https://www.reddit.com/r/ethtrader/wiki/governance)

Edit: adding polling options and information about the poll proposal process

Edit 2: typo

Edit 3: Adding link to governance rules

Edit 4: 3rd option

Edit 5: formatting",0.018,0.874,0.108,0.967,11,0
2022-04-30 12:58:28,ufakmp,0.6441600000000001,I've seen that a growing number of businesses are already accepting ETH payments,0.0,0.616,0.384,0.5574,"I began to consider what we might buy with ETH because there are so many projects and businesses that now accept this type of payment.  


Ethereum was established with the intention of stressing smart contracts and decentralized, self-executing agreements incorporated in the network itself.  


Every one of these potential advantages is accessible with ETH, and I've seen that a growing number of businesses are already accepting ETH payments.  


When it comes to NFTs, we may buy them with ETH and use them to pay for other services provided by other projects and markets, such as SK8coin or any other that accepts ETH.  


Must mention that I did not use ETH to directly pay for anything. When we take a closer look, we can see that we are already using ETH to pay for a range of things, even when we exclude the tokens we purchase for future payments.  


Would you use it to purchase NFTs or to pay for products or services? Do you believe that Ethereum will be utilized on a daily basis in the near future?",0.054,0.849,0.098,0.8466,17,0
2022-04-30 12:22:54,ufa05d,0.49001000000000006,Would you say that the art NFT economy will be huge?,0.0,0.813,0.187,0.3182,"It's terrible that, with the advent of the internet, where anything can be copied and pasted without the creator's permission, we as people have allowed artwork to languish for so long.  


On the other hand, NFTs help artists overcome this critical issue by ensuring ownership of each digital production - an NFT owner owns just the token itself, not the underlying item or any related copyright.  


Whether you believe the hype or not, NFTs are going to change the art industry, affecting not just how art is acquired and sold, but also what kind of art we value and whose artists we support.  


NFT markets are the answer to making NFT artworks. Users may mint NFT by uploading their digital artwork to the marketplace site.  


Would you believe that NFTs will alter the current art market trading mechanism, particularly for digital art?  


Yet, of course, there are many different kinds of marketplaces. Because I've been skating my entire life, I'd absolutely put my NFT on a Sk8coin if it had anything to do with skateboarding. They assist skaters, sports teams, artists, and others. As you can see, there are a variety of options for minting and submitting your NFT artwork.  


Would you say that the art NFT economy will be huge?",0.018,0.912,0.07,0.8909,17,0
2022-04-30 12:06:00,uf9qlj,-0.11709000000000004,"While it may be difficult to avoid using the internet, how can you protect your privacy and safety?",0.195,0.581,0.224,0.1779,"The Internet evolved so quickly that we now have access to everything conceivable, and there are no limitations. Can we, however, always rely on the administrator or other users of the Internet network service provider that we use?  


There have been several malversations and thefts, particularly since the popularity of cryptocurrencies began to rise, and we must secure our data and exercise extreme caution.  


Of course, with the advent of the IT and crypto sectors, we now have solutions to our concerns. I'm now using Zenotta and I can say that I feel safer, but it's frightening how many average customers get their info hijacked, it's terrible.  


The threat to Internet security is a key hurdle to electronic transactions through the Internet medium.  


Many CEOs are puzzled by the current popularity and possible profitability of internet commerce. Connecting to the Internet and expanding their business would, in other words, expose them to dangers and threats of invasion. On the other hand, being disconnected from the Internet would mean losing communication with consumers and services to competitors.  


Therefore, while it's tough to stop surfing the internet, how can you ensure your privacy and safety? What is your long-term plan?",0.147,0.731,0.121,-0.8054,17,0
2022-04-30 10:20:37,uf8agm,-0.4639,Dealing with high gas prices and delayed transactions may be critical for all of these newcomers who are getting to know Ethereum,0.174,0.826,0.0,-0.4939,"The Ethereum chain has battled with limited scalability, decentralization, and a high gas fee. This was the first chain to incorporate smart contracts, and it is still the largest open-source platform for decentralized apps.   


ETH is used for every possible transaction, whether we're directly paying with ETH or purchasing some of these tokens that give us additional payment for marketplaces.  


So, dealing with high gas prices and delayed transactions is crucial from the start. Do you recall when the Ethereum gas fee once hit $50?  


I remember when I first started using ETH, I had no clue about any of these issues, and I was pretty frustrated at first until I started looking for these L2 solutions or applications that analyze the pending transactions on the mainnet Ethererum, and now I use Metis, which helped me a lot.  


Although, things are starting to improve, and as you are all aware, ETH now has a variety of big rivals as a result of fundamental ETH flaws that some consumers can no longer handle. How are you dealing with these gas issues?",0.077,0.866,0.057,-0.3939,17,0
